City_ID,City,Lat,Lng,Max Temp,Humidity,Cloudiness,Wind Speed,Country,Date
0,edinburgh of the seven seas,-37.0676,-12.3116,285.78,74,100,7.64,SH,1697597016
1,grytviken,-54.2811,-36.5092,275.16,88,86,5.39,GS,1697596702
2,fort bragg,35.139,-79.006,288.9,85,100,0.0,US,1697597016
3,quatre cocos,-20.2078,57.7625,297.64,85,43,3.04,MU,1697597016
4,kingscliff,-28.2667,153.5667,294.69,77,100,6.17,AU,1697597016
5,taltal,-25.4,-70.4833,290.23,79,98,0.7,CL,1697597017
6,south hedland,-20.4089,118.5983,311.11,7,0,4.63,AU,1697597017
7,tsengel,49.4783,100.8894,278.92,42,56,3.69,MN,1697597017
8,bethel,41.3712,-73.414,284.4,85,75,1.54,US,1697596712
9,east ballina,-28.8667,153.5833,292.48,57,98,7.21,AU,1697597017
10,yellowknife,62.456,-114.3525,275.05,100,100,4.12,CA,1697596711
11,badger,64.8,-147.5333,275.08,83,100,0.0,US,1697597018
12,woolgoolga,-30.1106,153.2007,294.08,52,91,6.9,AU,1697597018
13,margaret river,-33.95,115.0667,291.08,62,26,5.34,AU,1697597018
14,saldanha,-33.0117,17.9442,285.18,95,5,5.96,ZA,1697596789
15,ola,59.5833,151.2833,271.16,34,0,5.02,RU,1697597018
16,adamstown,-25.066,-130.1015,295.3,88,100,3.04,PN,1697597013
17,novo aripuana,-5.1206,-60.3797,298.15,78,21,1.35,BR,1697597019
18,miyaly,48.8844,53.7836,277.49,73,69,3.56,KZ,1697597019
19,belmonte,-15.8631,-38.8828,295.8,80,60,1.93,BR,1697597019
20,puerto natales,-51.7236,-72.4875,278.05,91,76,1.71,CL,1697597019
21,college,64.8569,-147.8028,275.12,83,75,0.0,US,1697596865
22,mili,6.0815,171.735,301.62,68,67,0.24,MH,1697597019
23,punta arenas,-53.15,-70.9167,282.21,71,75,7.72,CL,1697597007
24,iqaluit,63.7506,-68.5145,272.0,58,100,1.03,CA,1697597020
25,kittila,67.6647,24.8936,266.23,93,0,3.09,FI,1697597020
26,pacific grove,36.6177,-121.9166,291.93,88,40,1.54,US,1697597014
27,hilo,19.7297,-155.09,300.0,82,75,3.09,US,1697597020
28,ville platte,30.688,-92.2715,288.65,55,0,3.43,US,1697597020
29,cannonvale,-20.2833,148.7,296.81,67,52,8.67,AU,1697597021
30,kampong thom,12.7111,104.8887,299.7,87,100,1.61,KH,1697597021
31,revda,56.801,59.9303,278.4,56,98,5.44,RU,1697597021
32,port elizabeth,-33.918,25.5701,291.66,77,0,2.68,ZA,1697597007
33,puerto ayora,-0.7393,-90.3518,297.34,94,20,0.45,EC,1697597021
34,papatowai,-46.5619,169.4708,288.28,59,82,7.99,NZ,1697597006
35,intorsura buzaului,45.6833,26.0333,278.07,71,100,1.1,RO,1697597021
36,tsiroanomandidy,-18.7667,46.0333,295.22,78,80,1.5,MG,1697597022
37,waitangi,-43.9535,-176.5597,285.27,73,29,3.58,NZ,1697596704
38,paita,-5.0892,-81.1144,293.84,81,32,5.59,PE,1697597022
39,port-aux-francais,-49.35,70.2167,275.65,75,99,5.89,TF,1697596698
40,ulsteinvik,62.3432,5.8487,281.35,90,99,3.13,NO,1697597022
41,st. john's,47.5649,-52.7093,277.97,90,100,0.89,CA,1697597023
42,tiksi,71.6872,128.8694,258.63,100,100,1.56,RU,1697597023
43,saint-philippe,-21.3585,55.7679,295.92,76,100,3.11,RE,1697597023
44,madang,-5.2246,145.7966,303.56,65,37,3.36,PG,1697597023
45,christchurch,-43.5333,172.6333,294.0,59,100,4.12,NZ,1697597023
46,ribeira grande,38.5167,-28.7,295.25,93,100,7.6,PT,1697597023
47,nuuk,64.1835,-51.7216,268.49,63,0,8.23,GL,1697597024
48,floro,61.5996,5.0328,277.13,100,40,2.57,NO,1697597024
49,ilulissat,69.2167,-51.1,264.16,67,75,3.6,GL,1697596716
50,kushnarenkovo,55.105,55.3508,277.58,76,10,5.62,RU,1697597024
51,bredasdorp,-34.5322,20.0403,287.08,95,0,1.43,ZA,1697597024
52,northam,51.0333,-4.2167,287.96,88,100,10.59,GB,1697597025
53,lihue,21.9789,-159.3672,301.73,70,100,2.57,US,1697597025
54,modimolle,-24.7,28.4,285.93,78,0,1.04,ZA,1697597025
55,sangola,17.4333,75.2,300.11,52,8,3.43,IN,1697597025
56,ust-nera,64.5667,143.2,257.71,85,98,1.34,RU,1697597025
57,natal,-5.795,-35.2094,298.27,78,40,5.14,BR,1697596741
58,winkler,49.1817,-97.941,286.25,82,100,1.54,CA,1697597026
59,karratha,-20.7377,116.8463,308.98,13,0,2.02,AU,1697596742
60,kharp,66.8014,65.8081,274.8,100,100,1.81,RU,1697597026
61,pasuquin,18.3328,120.6177,304.12,66,20,2.06,PH,1697597026
62,livadeia,38.435,22.8739,288.67,93,79,2.23,GR,1697597026
63,ancud,-41.8697,-73.8203,281.29,89,27,1.41,CL,1697597026
64,wenling,28.3669,121.36,296.56,59,24,3.22,CN,1697597026
65,queenstown,-31.8976,26.8753,284.73,70,0,1.57,ZA,1697596801
66,sarina,-21.4333,149.2167,299.41,43,100,6.05,AU,1697597027
67,albany,42.6001,-73.9662,284.51,89,19,1.85,US,1697597027
68,abou el hassan,36.4166,1.1962,296.84,37,78,2.24,DZ,1697597027
69,aksu,41.1231,80.2644,285.75,34,44,2.43,CN,1697597027
70,fort mcmurray,56.7268,-111.381,277.92,93,20,2.57,CA,1697597028
71,blackmans bay,-43.0167,147.3167,293.0,46,18,0.45,AU,1697597028
72,nileshwar,12.25,75.1,300.02,85,86,2.29,IN,1697597028
73,bushehr,28.9684,50.8385,302.2,34,0,6.17,IR,1697597028
74,rodolfo sanchez taboada,31.7167,-116.5667,290.98,80,100,0.83,MX,1697597028
75,west island,-12.1568,96.8225,300.14,78,40,6.69,CC,1697597028
76,petropavlovsk-kamchatsky,53.0452,158.6483,279.51,88,75,4.0,RU,1697597029
77,bopolu,7.0667,-10.4875,295.11,99,83,0.26,LR,1697597029
78,west mackay,-21.1481,149.1605,299.61,68,100,6.9,AU,1697597029
79,callao,-12.0667,-77.15,294.1,82,75,6.17,PE,1697597008
80,lompoc,34.6391,-120.4579,291.23,87,100,4.92,US,1697596867
81,thulamahashi,-24.7246,31.1994,291.43,69,98,3.01,ZA,1697597029
82,kokuy,52.2037,117.5529,278.83,40,100,3.54,RU,1697597030
83,ghat,24.9647,10.1728,297.47,23,9,1.01,LY,1697597030
84,avarua,-21.2078,-159.775,298.18,61,47,6.17,CK,1697596712
85,nova vicosa,-17.8919,-39.3719,296.01,84,8,3.98,BR,1697597030
86,hermanus,-34.4187,19.2345,288.36,92,0,2.86,ZA,1697597030
87,sovetskiy,61.3614,63.5842,281.98,89,38,3.13,RU,1697597030
88,vila do maio,15.1333,-23.2167,298.59,66,1,3.17,CV,1697597031
89,akrehamn,59.2667,5.1833,280.6,87,100,1.54,NO,1697597031
90,baro,8.6,6.4167,296.75,94,79,1.13,NG,1697597031
91,tura,25.5198,90.2201,298.52,69,0,0.22,IN,1697597031
92,kendari,-3.945,122.4989,304.96,52,33,3.75,ID,1697597031
93,kapuskasing,49.4169,-82.4331,277.2,100,0,1.54,CA,1697596681
94,la'ie,21.6477,-157.9253,303.13,71,46,1.79,US,1697597031
95,lyozna,55.0249,30.7956,279.33,82,100,6.01,BY,1697597032
96,wailua homesteads,22.0669,-159.378,301.39,71,100,2.57,US,1697597007
97,isafjordur,66.0755,-23.124,279.92,93,100,7.12,IS,1697596703
98,jinka,5.65,36.65,289.63,92,93,1.13,ET,1697597032
99,cururupu,-1.8283,-44.8683,298.04,87,97,1.6,BR,1697597032
100,argo,37.6333,22.7333,291.65,84,36,1.51,GR,1697597033
101,chonchi,-42.6128,-73.8092,281.55,94,74,1.28,CL,1697597033
102,vilyuchinsk,52.9306,158.4028,280.33,96,100,1.92,RU,1697597033
103,aasiaat,68.7098,-52.8699,257.11,87,73,1.89,GL,1697597033
104,beni saf,35.301,-1.3823,294.31,77,66,3.32,DZ,1697597033
105,polyarnyy,69.1989,33.4478,275.22,71,99,5.9,RU,1697597033
106,olonkinbyen,70.9221,-8.7187,274.35,78,100,2.9,SJ,1697596713
107,kosh-agach,50.0,88.6667,275.19,40,3,0.49,RU,1697597034
108,ugoofaaru,5.6667,73.0,301.06,76,87,3.7,MV,1697597034
109,georgetown,5.4112,100.3354,302.56,81,20,2.24,MY,1697596584
110,carnarvon,-24.8667,113.6333,302.45,36,0,7.66,AU,1697597034
111,invercargill,-46.4,168.35,287.05,75,100,8.49,NZ,1697597017
112,ushuaia,-54.8,-68.3,284.96,47,40,8.23,AR,1697597025
113,bagneres-de-bigorre,43.0667,0.15,287.98,88,0,1.03,FR,1697597035
114,buta,2.7858,24.73,293.64,98,90,0.49,CD,1697597035
115,joshimath,30.5667,79.5667,287.82,42,0,0.71,IN,1697597035
116,egilsstadir,65.2653,-14.3948,276.1,93,75,3.09,IS,1697597035
117,caluula,11.9661,50.7569,300.9,73,18,3.41,SO,1697597036
118,tazacorte,28.629,-17.9293,295.69,80,0,3.13,ES,1697597036
119,darlowo,54.421,16.4107,283.98,74,87,8.0,PL,1697597036
120,talnakh,69.4865,88.3972,272.71,96,100,7.45,RU,1697597036
121,qingyuan,23.7,113.0333,299.14,65,98,0.5,CN,1697597036
122,penza,53.2007,45.0046,277.73,84,100,11.18,RU,1697597036
123,hazard,37.2495,-83.1932,284.98,72,100,0.83,US,1697597037
124,murzuq,25.9155,13.9184,294.1,23,0,2.39,LY,1697597037
125,nobres,-14.7203,-56.3275,302.08,33,11,1.17,BR,1697597037
126,guanica,17.9716,-66.908,300.88,64,6,2.71,PR,1697597037
127,sulak,43.2734,47.5146,281.55,52,56,2.05,RU,1697597037
128,suva,-18.1416,178.4415,299.86,74,75,5.14,FJ,1697597037
129,vorgashor,67.5833,63.95,275.19,96,100,4.41,RU,1697597038
130,villa corzo,16.1667,-93.25,290.43,92,90,1.73,MX,1697597038
131,minas de marcona,-15.2119,-75.1103,289.15,81,95,3.76,PE,1697597038
132,dudinka,69.4058,86.1778,272.97,98,100,2.68,RU,1697597038
133,linxia chengguanzhen,35.6003,103.2064,276.97,96,100,1.72,CN,1697596757
134,cabedelo,-6.9811,-34.8339,296.52,77,57,5.81,BR,1697597038
135,basoko,1.2391,23.616,294.41,94,92,0.31,CD,1697597039
136,enewetak,11.3474,162.3373,301.75,76,42,7.08,MH,1697597039
137,alice springs,-23.7,133.8833,299.9,12,0,5.14,AU,1697596890
138,qaqortoq,60.7167,-46.0333,271.97,56,7,1.88,GL,1697597039
139,puerto deseado,-47.7503,-65.8938,284.35,52,100,10.16,AR,1697597039
140,atafu village,-8.5421,-172.5159,301.72,72,100,2.38,TK,1697597015
141,port shepstone,-30.7414,30.455,289.19,83,22,3.87,ZA,1697597040
142,thale,51.75,11.05,279.31,89,7,1.61,DE,1697597040
143,plesetsk,62.708,40.2916,275.51,95,100,5.15,RU,1697597040
144,pocatello,42.8713,-112.4455,289.2,52,0,8.23,US,1697597040
145,mejit,10.2753,170.8646,301.39,77,52,6.0,MH,1697597040
146,buri ram,14.9943,103.1039,302.3,71,99,2.13,TH,1697597041
147,yuzhno-kurilsk,44.0306,145.8556,283.91,75,17,6.82,RU,1697597041
148,winnemucca,40.973,-117.7357,287.18,44,0,0.0,US,1697597041
149,palmer,42.1584,-72.3287,284.87,83,75,0.0,US,1697597041
150,shahriar,35.6596,51.0593,288.31,54,35,0.33,IR,1697597042
151,sao tome,0.3365,6.7273,298.92,85,100,2.66,ST,1697597042
152,san patricio,28.017,-97.5169,294.06,47,0,3.27,US,1697597042
153,kodiak,57.79,-152.4072,281.88,81,100,4.63,US,1697597042
154,muromtsevo,56.3724,75.2418,281.58,86,48,2.65,RU,1697597042
155,kavaratti,10.5669,72.642,301.27,72,81,1.18,IN,1697597029
156,purisima de la concepcion,9.2366,-75.7219,300.18,85,27,2.01,CO,1697597042
157,lamu,-2.2717,40.902,299.27,89,100,4.32,KE,1697597043
158,touros,-5.1989,-35.4608,298.2,76,39,6.69,BR,1697597043
159,lorengau,-2.0226,147.2712,303.12,66,74,2.49,PG,1697597043
160,balabac,7.9868,117.0645,302.65,73,82,3.99,PH,1697597043
161,qarauyl,48.9451,79.255,278.92,60,2,4.32,KZ,1697597043
162,monze,-16.2833,27.4833,292.82,87,6,1.94,ZM,1697597044
163,doka,13.5167,35.7667,295.71,71,97,1.58,SD,1697597044
164,tazovsky,67.4667,78.7,278.32,96,100,5.36,RU,1697597044
165,nyurba,63.2842,118.3319,269.36,89,95,2.89,RU,1697597044
166,jamestown,42.097,-79.2353,282.92,100,100,2.57,US,1697596898
167,stanley,54.868,-1.6985,283.16,89,40,4.12,GB,1697597023
168,tarko-sale,64.9225,77.785,277.59,88,100,5.36,RU,1697597044
169,rovaniemi,66.5,25.7167,267.82,93,0,5.14,FI,1697597045
170,dashiqiao,40.6373,122.5025,283.81,84,100,3.16,CN,1697597045
171,sa'dah,16.9402,43.7639,288.76,28,1,2.17,YE,1697597045
172,hasaki,35.7333,140.8333,295.37,57,88,4.08,JP,1697597045
173,micheweni,-4.9667,39.8333,298.69,87,100,2.53,TZ,1697597045
174,aanekoski,62.6946,25.818,272.97,100,26,3.12,FI,1697597046
175,maricopa,33.0581,-112.0476,306.34,18,0,2.57,US,1697597046
176,santa ana de yacuma,-13.75,-65.4333,301.55,52,52,2.43,BO,1697597046
177,bilibino,68.0546,166.4372,258.13,97,99,1.62,RU,1697596705
178,weligama,5.9667,80.4167,297.84,92,100,3.15,LK,1697597046
179,tucuma,-0.1833,-50.05,298.77,88,88,2.94,BR,1697596881
180,ta`u,-14.2336,-169.5144,299.12,83,91,9.1,AS,1697597047
181,susuman,62.7833,148.1667,259.25,62,28,0.45,RU,1697596710
182,kununurra,-15.7667,128.7333,308.14,14,0,4.63,AU,1697597047
183,itoman,26.1247,127.6694,300.58,53,40,3.09,JP,1697597047
184,hamilton,39.1834,-84.5333,283.13,86,75,2.57,US,1697596829
185,sabang,5.8933,95.3214,300.63,72,98,4.2,ID,1697597047
186,sao felix do xingu,-6.6447,-51.995,300.74,41,86,0.96,BR,1697597047
187,cabo san lucas,22.8909,-109.9124,303.32,58,0,2.06,MX,1697596916
188,san rafael,-34.6177,-68.3301,287.64,24,11,2.62,AR,1697596920
189,afaahiti,-17.75,-149.2833,300.08,85,91,7.3,PF,1697597044
190,newman,37.3138,-121.0208,298.28,62,0,0.89,US,1697597034
191,fale old settlement,-9.3852,-171.2468,301.55,73,18,2.95,TK,1697597048
192,walvis bay,-22.9575,14.5053,288.2,88,5,3.09,NA,1697597048
193,weno,7.4515,151.8468,303.12,89,100,3.6,FM,1697597049
194,jayapura,-2.5333,140.7,306.81,70,74,2.76,ID,1697597049
195,albufeira,37.0882,-8.2503,293.16,88,12,4.11,PT,1697596863
196,saynshand,44.8824,110.1163,282.66,21,72,7.9,MN,1697597049
197,port moresby,-9.4431,147.1797,301.83,74,75,5.14,PG,1697596924
198,mbeni,-11.5014,43.3775,296.39,74,91,3.41,KM,1697597049
199,tindouf,27.6711,-8.1474,296.4,27,0,3.09,DZ,1697597049
200,morehead city,34.7229,-76.726,289.26,82,100,2.06,US,1697597050
201,nadym,65.5333,72.5167,277.59,92,100,6.04,RU,1697597050
202,leava,-14.3,-178.1667,299.74,80,61,9.19,WF,1697597050
203,morondava,-20.2833,44.2833,298.66,76,99,2.64,MG,1697597050
204,el calafate,-50.3408,-72.2768,280.29,78,99,1.59,AR,1697597050
205,san antonio,29.4241,-98.4936,293.4,47,0,1.54,US,1697596763
206,gadzhiyevo,69.2551,33.3362,275.49,68,99,6.48,RU,1697597051
207,port lincoln,-34.7333,135.8667,295.11,45,0,3.26,AU,1697597051
208,molchanovo,57.5817,83.7692,282.06,90,13,2.69,RU,1697597051
209,urangan,-25.3,152.9,294.93,62,43,8.46,AU,1697597051
210,alcains,39.9164,-7.4566,290.25,89,81,4.22,PT,1697597051
211,rawah,34.4816,41.9093,293.27,48,0,1.47,IQ,1697597052
212,nagqu,31.5,92.0,270.58,92,100,0.96,CN,1697597052
213,beira,-19.8436,34.8389,295.92,87,97,4.15,MZ,1697597052
214,prado,-17.3411,-39.2208,295.74,84,16,3.25,BR,1697597052
215,posto fiscal rolim de moura,-13.0833,-62.2667,298.59,66,47,1.55,BR,1697597052
216,colonia,50.9333,6.95,280.9,79,0,1.54,DE,1697596863
217,el porvenir,13.7617,-87.3458,294.78,80,85,3.14,HN,1697597053
218,belyy yar,53.6039,91.3903,281.09,81,40,1.0,RU,1697597053
219,tlanchinol,20.9833,-98.65,284.11,89,97,1.72,MX,1697597053
220,usogorsk,63.4106,48.6872,276.3,87,100,2.49,RU,1697597053
221,arkhangel'sk,64.5401,40.5433,277.11,78,100,5.18,RU,1697597053
222,nar'yan-mar,67.6713,53.087,274.32,89,100,4.02,RU,1697597053
223,udachny,66.4167,112.4,263.75,86,94,6.94,RU,1697597054
224,chinchilla,-26.75,150.6333,300.56,23,0,3.14,AU,1697597054
225,klyuchi,52.2667,79.1667,282.52,43,11,3.26,RU,1697597054
226,safford,32.834,-109.7076,299.66,29,0,2.57,US,1697597054
227,utrik,11.2278,169.8474,301.18,80,87,7.91,MH,1697597054
228,fisterra,42.9049,-9.2629,290.94,87,100,9.28,ES,1697597055
229,hailey,43.5196,-114.3153,285.87,54,0,1.79,US,1697596644
230,terra santa,-2.1042,-56.4869,297.44,87,49,1.64,BR,1697597055
231,mitu,1.1983,-70.1733,296.35,93,96,0.87,CO,1697597055
232,hawaiian paradise park,19.5933,-154.9731,299.88,81,75,3.09,US,1697597055
233,port alfred,-33.5906,26.891,289.84,78,0,3.1,ZA,1697597056
234,arquitecto tomas romero pereira,-26.4833,-55.25,293.02,74,81,1.59,PY,1697597056
235,bull savanna,17.8868,-77.5902,298.78,81,13,1.73,JM,1697597056
236,tofol,5.3248,163.0078,301.03,83,75,4.12,FM,1697597056
237,merelani,-3.5618,36.979,293.59,83,100,2.04,TZ,1697597056
238,igarka,67.4667,86.5833,273.42,98,100,9.13,RU,1697597056
239,ormara,25.2088,64.6357,299.08,83,11,0.97,PK,1697597057
240,yangquan,37.8575,113.5633,290.9,36,100,3.01,CN,1697597057
241,biharamulo,-2.6319,31.3089,289.74,84,68,1.11,TZ,1697597057
242,brisas de zicatela,15.8369,-97.0419,299.39,78,87,2.1,MX,1697597057
243,la passe,45.5549,-0.8967,293.28,77,84,9.95,FR,1697597057
244,el haouaria,37.05,11.0144,296.1,70,76,2.99,TN,1697597057
245,al muwayh,22.4333,41.7583,294.23,56,0,2.55,SA,1697597058
246,lindi,-10.0,39.7167,297.91,75,80,2.37,TZ,1697597058
247,newberry,34.2746,-81.6187,287.29,67,0,1.22,US,1697597058
248,hami,42.8,93.45,283.86,42,0,2.07,CN,1697597058
249,prince rupert,54.3161,-130.3201,286.2,83,100,19.03,CA,1697597006
250,tasgaon,17.0333,74.6,300.19,54,26,5.19,IN,1697597058
251,bowling green,36.9903,-86.4436,286.11,77,100,2.57,US,1697597059
252,patacamaya,-17.2333,-67.9167,279.98,82,9,4.61,BO,1697597059
253,samana,19.2056,-69.3369,299.22,89,10,1.71,DO,1697596805
254,treinta y tres,-33.2333,-54.3833,279.09,96,2,3.1,UY,1697597031
255,tarrega,41.647,1.1396,292.3,94,28,1.44,ES,1697597059
256,necochea,-38.5473,-58.7368,279.38,65,0,4.49,AR,1697596897
257,konarka,19.9,86.1167,300.37,69,16,2.29,IN,1697597060
258,valparaiso,-33.0393,-71.6273,285.95,87,40,2.57,CL,1697597060
259,baran,25.1,76.5167,298.38,56,0,2.02,IN,1697596822
260,severnoye,56.3491,78.3619,281.47,91,17,2.68,RU,1697597060
261,harper,4.375,-7.7169,297.8,88,74,1.04,LR,1697597060
262,vorkuta,67.5,64.0,275.44,95,100,4.08,RU,1697597060
263,yemva,62.59,50.8594,276.51,84,100,4.92,RU,1697597061
264,agat village,13.3886,144.6585,303.35,86,75,6.17,GU,1697597061
265,caconda,-13.7333,15.0667,287.46,85,96,1.4,AO,1697597061
266,griffith,41.5284,-87.4237,285.31,91,0,0.0,US,1697596860
267,iskateley,67.6803,53.1512,274.27,89,100,4.02,RU,1697597061
268,port mathurin,-19.6833,63.4167,296.89,80,33,4.28,MU,1697597061
269,qoryooley,1.7878,44.53,298.13,91,16,2.53,SO,1697597062
270,kupino,54.3663,77.2981,283.06,75,40,3.01,RU,1697597062
271,leua,48.2156,18.6071,277.31,75,0,2.21,SK,1697597062
272,rikaze,29.25,88.8833,279.33,38,89,1.69,CN,1697597062
273,axim,4.8699,-2.2405,297.51,91,58,1.68,GH,1697597062
274,portland,45.5234,-122.6762,289.25,89,40,2.06,US,1697596963
275,chinde,26.8418,88.0763,291.85,65,6,1.14,NP,1697597063
276,peace river,56.2501,-117.286,278.32,93,20,2.57,CA,1697596837
277,manaure,11.7751,-72.4445,301.48,79,50,5.77,CO,1697597063
278,vennesla,58.2694,7.9741,273.83,93,100,3.09,NO,1697597063
279,buka,40.8108,69.1986,289.1,29,100,1.03,UZ,1697597063
280,kazlu ruda,54.7667,23.5,280.14,79,100,7.57,LT,1697597064
281,ciudad lazaro cardenas,17.9583,-102.2,298.87,88,100,0.38,MX,1697597064
282,klaksvik,62.2266,-6.589,281.66,87,100,8.36,FO,1697597064
283,santyoku,37.4406,129.1708,294.77,34,100,1.81,KR,1697597064
284,east london,-33.0153,27.9116,288.63,83,0,4.54,ZA,1697597064
285,same,-4.0667,37.7333,292.76,89,100,1.26,TZ,1697597065
286,nemuro,43.3236,145.575,287.42,59,33,5.54,JP,1697597065
287,fort st. john,56.2499,-120.8529,282.09,61,75,4.12,CA,1697596898
288,zouerate,22.7187,-12.4521,301.3,22,34,2.35,MR,1697597065
289,bangui,4.3612,18.555,295.39,94,62,0.69,CF,1697596807
290,boiling springs,35.0465,-81.9818,286.34,63,100,2.06,US,1697597065
291,darende,38.5458,37.5058,285.98,59,27,0.45,TR,1697597066
292,saipan,15.1355,145.701,303.54,79,0,6.17,MP,1697597012
293,sola,-13.8833,167.55,299.07,77,89,5.85,VU,1697597066
294,tibati,6.4667,12.6333,292.23,91,99,1.21,CM,1697597066
295,hotan,37.0997,79.9269,286.5,26,90,3.14,CN,1697597066
296,san antonio de pale,-1.4014,5.6325,298.32,82,93,2.89,GQ,1697597066
297,sakti,22.0333,82.9667,298.76,62,7,1.41,IN,1697597067
298,hawkesbury,45.6001,-74.616,284.31,79,100,2.26,CA,1697596781
299,horta,38.5333,-28.6333,294.83,93,100,7.6,PT,1697597067
300,al jawf,29.5,38.75,292.45,40,0,3.45,SA,1697597067
301,na wa,17.4897,104.1006,301.17,65,99,2.5,TH,1697597067
302,taunggyi,20.7833,97.0333,294.17,80,82,0.58,MM,1697597067
303,kaynarca,41.0308,30.3075,287.25,92,100,4.36,TR,1697597068
304,arvayheer,46.2639,102.775,280.12,31,30,5.88,MN,1697597068
305,kailua-kona,19.6406,-155.9956,302.13,74,0,2.06,US,1697596869
306,pearsall,28.8922,-99.095,291.81,45,0,3.84,US,1697596840
307,timimoun,29.2639,0.231,294.36,21,0,1.54,DZ,1697597068
308,uturoa,-16.7333,-151.4333,299.02,83,75,5.95,PF,1697597047
309,al kharijah,25.4514,30.5464,293.31,45,0,3.16,EG,1697597068
310,pimentel,-6.8367,-79.9342,293.31,83,0,8.23,PE,1697597069
311,esikhaleni,-28.871,31.8996,291.74,85,100,1.21,ZA,1697597069
312,newport,51.5877,-2.9984,285.27,79,100,7.15,GB,1697597069
313,makubetsu,45.3714,141.8211,288.05,62,40,5.66,JP,1697597070
314,jumla,29.2747,82.1838,285.58,55,2,1.2,NP,1697597070
315,thompson,55.7435,-97.8558,278.24,87,20,1.54,CA,1697597070
316,borca,47.1833,25.7667,274.82,77,44,1.75,RO,1697597070
317,daru,-9.0763,143.2092,300.46,78,94,4.03,PG,1697597070
318,sitka,57.0531,-135.33,287.09,58,100,7.2,US,1697597071
319,codrington,-38.2667,141.9667,295.62,39,20,2.25,AU,1697596699
320,luwingu,-10.2621,29.9271,290.76,85,100,1.18,ZM,1697597071
321,nova sintra,14.8667,-24.7167,298.32,71,1,2.43,CV,1697597071
322,parras de la fuente,25.4167,-102.1833,289.51,32,50,2.54,MX,1697597071
323,qaisumah,28.3112,46.1273,294.13,30,0,1.54,SA,1697597071
324,whitehorse,60.7161,-135.0538,281.49,90,100,1.03,CA,1697596519
325,prainha,-1.8,-53.48,296.58,91,42,0.62,BR,1697597072
326,vadso,70.0744,29.7487,274.64,80,40,5.66,NO,1697597072
327,edd,13.9297,41.6925,301.61,74,51,1.41,ER,1697597072
328,mehrabpur,28.1085,68.0254,298.0,44,0,3.12,PK,1697597072
329,george town,5.4112,100.3354,303.68,80,20,2.24,MY,1697597004
330,saint-pierre,-21.3393,55.4781,296.24,68,100,3.09,RE,1697597073
331,tsiombe,-25.3,45.4833,295.18,92,100,2.24,MG,1697597073
332,vilyuysk,63.7553,121.6247,269.92,96,100,2.24,RU,1697597073
333,aykhal,66.0,111.5,262.08,93,99,4.92,RU,1697597073
334,burang,30.25,81.1667,272.23,47,18,2.5,CN,1697597073
335,quilmana,-12.95,-76.3833,293.59,83,100,2.29,PE,1697597074
336,port saint john's,-31.6229,29.5448,289.03,84,3,4.03,ZA,1697597062
337,tabas,33.5959,56.9244,291.27,36,6,0.0,IR,1697597074
338,al bawiti,28.3492,28.8659,291.82,83,0,2.34,EG,1697597074
339,robertsport,6.7533,-11.3686,298.36,87,95,1.8,LR,1697597074
340,qamdo,31.1667,97.2333,277.51,36,20,3.2,CN,1697597074
341,guatrache,-37.6678,-63.5302,283.64,34,0,4.43,AR,1697597075
342,divnoye,45.9089,43.3547,281.77,67,100,2.34,RU,1697597075
343,zhangzhou,24.5133,117.6556,298.11,66,100,0.87,CN,1697597075
344,kota bharu,6.1333,102.2386,303.12,79,20,1.03,MY,1697597075
345,changli,39.7042,119.1506,291.33,67,100,1.88,CN,1697597075
346,kialla,-36.4161,145.3954,293.09,47,0,2.36,AU,1697597076
347,tottori,35.5,134.2333,296.19,53,40,1.03,JP,1697597076
348,howrah,22.5892,88.3103,301.15,78,20,1.54,IN,1697597076
349,carloforte,39.145,8.3058,295.56,80,98,6.14,IT,1697597076
350,mossendjo,-2.9506,12.7261,294.44,100,100,0.66,CG,1697597076
351,kruisfontein,-34.0033,24.7314,288.68,60,0,4.11,ZA,1697597076
352,baile herculane,44.8797,22.4125,283.03,61,100,1.26,RO,1697597076
353,calingasta,-31.3308,-69.4078,287.25,32,33,2.55,AR,1697597077
354,katabu,-4.9333,122.5167,306.81,38,7,4.14,ID,1697597077
355,mount isa,-20.7333,139.5,308.02,10,0,3.6,AU,1697597077
356,port sudan,19.6175,37.2164,299.77,72,39,3.71,SD,1697597077
357,port blair,11.6667,92.75,301.17,83,40,1.03,IN,1697597033
358,gitarama,-2.0744,29.7567,289.85,90,100,1.03,RW,1697597077
359,bengkulu,-3.8004,102.2655,300.9,71,85,2.75,ID,1697597078
360,reichenbach an der fils,48.7101,9.4643,278.66,90,0,1.54,DE,1697597078
361,kamaishi,39.2667,141.8833,291.72,53,0,0.91,JP,1697597078
362,dunedin,-45.8742,170.5036,286.93,67,33,3.58,NZ,1697596823
363,mar del plata,-38.0023,-57.5575,282.56,84,0,2.06,AR,1697597078
364,hammerfest,70.6634,23.6821,273.4,93,40,2.57,NO,1697597078
365,dasing,48.3848,11.0467,277.43,95,100,1.54,DE,1697597079
366,dabakala,8.3667,-4.4333,295.99,96,64,0.96,CI,1697597079
367,hithadhoo,-0.6,73.0833,300.39,77,13,5.66,MV,1697597079
368,naze,28.3667,129.4833,296.66,54,0,2.54,JP,1697597079
369,howard springs,-12.497,131.047,308.1,21,6,2.37,AU,1697597079
370,arhavi,41.3492,41.3069,284.1,75,100,0.86,TR,1697597079
371,kingston,17.997,-76.7936,302.68,88,20,3.09,JM,1697596987
372,segamat,2.5148,102.8158,303.87,57,100,2.14,MY,1697597080
373,vila velha,-20.3297,-40.2925,298.12,87,0,6.17,BR,1697597080
374,kayangel,8.0823,134.7173,301.26,74,32,0.5,PW,1697597080
375,notodden,59.5594,9.2585,276.22,90,59,2.43,NO,1697597080
376,oranjemund,-28.55,16.4333,289.58,82,0,2.49,NA,1697596700
377,formosa do rio preto,-11.0483,-45.1931,296.24,29,0,1.29,BR,1697597081
378,borogontsy,62.6683,131.1683,267.75,62,100,0.45,RU,1697597081
379,strathdale,-36.7632,144.3169,294.57,40,0,2.9,AU,1697597081
380,volksrust,-27.3654,29.8818,282.07,88,100,1.43,ZA,1697597081
381,kerikeri,-35.2268,173.9474,290.9,80,100,3.87,NZ,1697597081
382,arar,30.9753,41.0381,291.16,39,0,3.09,SA,1697597081
383,salinopolis,-0.6136,-47.3561,298.94,88,100,4.56,BR,1697597081
384,haiku-pauwela,20.9219,-156.3051,303.16,52,20,2.06,US,1697597082
385,kyren,51.6828,102.1408,275.34,70,86,0.45,RU,1697597082
386,castillos,-34.1667,-53.8333,280.79,84,3,3.01,UY,1697597082
387,hadibu,12.65,54.0333,300.25,75,27,2.04,YE,1697597014
388,les angles,43.9581,4.7634,292.93,81,100,5.14,FR,1697597082
389,johnstown,40.3267,-78.922,282.84,94,100,0.0,US,1697596878
390,al hazm,16.1641,44.7769,294.45,25,8,1.02,YE,1697597083
391,gulariya,28.2333,81.3333,295.45,60,14,0.33,NP,1697597083
392,labytnangi,66.6572,66.4183,274.55,100,100,1.89,RU,1697597083
393,sortavala,61.7053,30.6918,275.38,87,99,3.13,RU,1697597083
394,pamandzi,-12.7967,45.2794,300.03,78,75,4.12,YT,1697597083
395,oroqen zizhiqi,50.5667,123.7167,281.6,31,69,4.83,CN,1697597083
396,anadyr,64.75,177.4833,267.43,62,20,8.0,RU,1697597084
397,tougue,11.4667,-11.6,292.12,87,98,0.87,GN,1697597084
398,poltavka,54.3663,71.7632,282.59,74,12,3.84,RU,1697597084
399,pizarro,4.9533,-77.366,299.53,84,100,1.03,CO,1697597084
400,nogliki,51.8333,143.1667,282.23,84,81,3.13,RU,1697597084
401,lebu,-37.6167,-73.65,283.56,90,7,4.84,CL,1697597084
402,hobyo,5.3505,48.5268,300.77,79,24,4.57,SO,1697597085
403,shahrak,34.1074,64.3052,280.11,60,3,1.66,AF,1697597085
404,kapa'a,22.0752,-159.319,302.14,71,100,2.57,US,1697597085
405,beohari,24.05,81.3833,297.17,67,0,0.69,IN,1697597085
406,biltine,14.5333,20.9167,300.47,19,28,6.27,TD,1697597085
407,achacachi,-16.05,-68.6833,279.97,83,59,3.98,BO,1697597086
408,flying fish cove,-10.4217,105.6791,299.97,83,100,4.63,CX,1697597086
409,sao jose da coroa grande,-8.8978,-35.1478,296.7,83,99,3.95,BR,1697597086
410,san pedro,14.35,121.0167,304.72,75,75,3.09,PH,1697596860
411,benghazi,32.1167,20.0667,295.91,61,0,1.85,LY,1697596968
412,madimba,-10.4,40.3333,297.64,77,68,2.41,TZ,1697597086
413,greymouth,-42.4667,171.2,287.02,66,93,2.46,NZ,1697597086
414,alae,8.4244,124.8128,301.81,64,90,2.12,PH,1697597087
415,layyah,30.9613,70.939,294.86,54,0,1.7,PK,1697597087
416,miches,18.9836,-69.0476,298.95,88,1,1.46,DO,1697597004
417,garrucha,37.1874,-1.8349,297.76,52,5,6.9,ES,1697597087
418,cidade velha,14.9167,-23.6167,298.41,88,20,2.57,CV,1697597087
419,constantia,44.1833,28.65,283.54,66,100,3.19,RO,1697597046
420,timbuktu,16.7735,-3.0074,305.0,28,21,1.43,ML,1697597088
421,acajutla,13.5928,-89.8275,299.94,65,97,3.2,SV,1697597088
422,lautoka,-17.6167,177.4667,301.07,69,20,6.17,FJ,1697597088
423,namibe,-15.1961,12.1522,290.39,82,39,1.36,AO,1697597088
424,ust'-kulom,61.6864,53.6902,277.75,65,100,7.15,RU,1697597088
425,kalifornsky,60.4183,-151.29,284.34,64,75,2.57,US,1697597089
426,indramayu,-6.3264,108.32,304.28,56,16,5.28,ID,1697597089
427,chittagong,22.9167,91.5,299.64,70,4,1.72,BD,1697597089
428,xai-xai,-25.0519,33.6442,293.14,88,57,3.96,MZ,1697597089
429,bandon,51.7469,-8.7425,285.92,94,100,7.24,IE,1697597089
430,praia da vitoria,38.7333,-27.0667,295.29,88,40,8.56,PT,1697597090
431,braganca,-1.0536,-46.7656,296.92,98,95,0.96,BR,1697597090
432,mondlo,-27.983,30.7177,284.93,85,98,0.65,ZA,1697597090
433,newport beach,33.6189,-117.9289,297.17,84,20,3.09,US,1697596957
434,kasongo-lunda,-6.4667,16.8167,294.26,99,100,0.14,CD,1697597090
435,saurimo,-9.6608,20.3916,291.51,94,100,2.87,AO,1697597090
436,mudu,31.252,120.5118,297.0,50,0,4.63,CN,1697597091
437,monrovia,6.3005,-10.7969,298.02,89,92,1.96,LR,1697596949
438,itupiranga,-5.1347,-49.3267,298.33,68,57,1.17,BR,1697597091
439,sarandi,-23.4436,-51.8739,293.9,94,75,7.72,BR,1697597035
440,harstad,68.799,16.5293,274.15,94,45,4.92,NO,1697597091
441,jianguang,28.1938,115.7836,300.37,48,0,0.88,CN,1697597091
442,petilia policastro,39.1139,16.7855,288.87,84,99,1.14,IT,1697597092
443,anderson,34.5334,-82.6499,286.64,89,100,0.0,US,1697597092
444,alaghsas,17.0187,8.0168,301.83,17,100,4.63,NE,1697597092
445,mountain home,43.133,-115.6912,288.94,46,0,3.6,US,1697596803
446,kone,-21.0595,164.8658,299.09,68,64,4.54,NC,1697596701
447,longyearbyen,78.2186,15.6401,266.06,73,40,6.17,SJ,1697597092
448,utrera,37.1852,-5.7809,292.98,89,20,4.63,ES,1697597092
449,mora,11.0461,14.1401,298.98,56,55,2.43,CM,1697597093
450,khandyga,62.6667,135.6,270.05,66,100,0.82,RU,1697597093
451,krivosheino,57.3431,83.9261,282.28,90,12,2.88,RU,1697597093
452,igra,57.5558,53.0547,276.25,73,99,7.28,RU,1697597093
453,yaren,-0.5472,166.916,301.63,72,100,8.75,NR,1697597093
454,maintirano,-18.0667,44.0167,299.11,80,95,1.3,MG,1697597093
455,pyt-yakh,60.7499,72.8582,281.85,83,57,4.75,RU,1697597094
456,balqash,46.8481,74.995,278.48,65,0,6.0,KZ,1697597094
457,tangalle,6.024,80.7911,298.24,90,100,3.73,LK,1697597094
458,yadgir,16.7667,77.1333,300.78,56,7,2.62,IN,1697597094
459,bonthe,7.5264,-12.505,297.15,93,99,1.94,SL,1697597094
460,mentekab,3.4854,102.3484,300.9,93,100,1.34,MY,1697597094
461,katsuren-haebaru,26.3369,127.8719,300.58,52,40,3.6,JP,1697597095
462,lake city,30.1897,-82.6393,284.74,87,0,0.0,US,1697596954
463,piti village,13.4626,144.6933,303.32,85,75,6.17,GU,1697597095
464,pabellon de arteaga,22.15,-102.25,288.81,50,94,4.27,MX,1697596962
465,san matias,-16.3667,-58.4,302.88,44,64,1.71,BO,1697597095
466,tolanaro,-25.0319,46.9987,295.19,94,75,3.09,MG,1697597095
467,inhambane,-23.865,35.3833,292.2,95,14,3.44,MZ,1697597096
468,muang phonsavan,19.45,103.2167,297.98,56,100,0.95,LA,1697597096
469,kedrovyy,56.1667,91.8167,281.41,91,99,2.97,RU,1697597096
470,uliastay,47.7417,96.8444,276.38,33,19,0.95,MN,1697597096
471,oeiras do para,-2.0031,-49.8544,296.24,96,100,1.51,BR,1697597096
472,bolgar,54.95,49.0667,277.6,78,98,9.63,RU,1697597096
473,cao bang,22.6667,106.25,301.64,55,98,0.16,VN,1697596822
474,paredon,16.0333,-93.8667,297.8,66,100,7.85,MX,1697597097
475,akureyri,65.6835,-18.0878,278.15,87,97,5.12,IS,1697597097
476,lazaro cardenas,17.9583,-102.2,298.87,88,100,0.38,MX,1697596972
477,ceeldheer,3.8488,47.1806,299.69,85,52,3.52,SO,1697597097
478,camp verde,34.5636,-111.8543,299.39,27,1,1.08,US,1697597097
479,radomir,42.5444,22.9578,280.95,87,100,0.71,BG,1697597097
480,punta del este,-34.9667,-54.95,284.21,72,20,6.69,UY,1697596908
481,diu,20.7141,70.9822,301.52,53,9,4.04,IN,1697597098
482,mollendo,-17.0231,-72.0147,292.07,87,68,1.31,PE,1697597098
483,katsuura,35.1333,140.3,294.35,72,81,2.59,JP,1697597098
484,whangarei,-35.7317,174.3239,292.3,69,100,3.42,NZ,1697597098
485,amqui,48.4638,-67.4313,276.1,85,60,1.18,CA,1697597099
486,mount pearl,47.5166,-52.7813,277.51,90,100,0.45,CA,1697597099
487,poronaysk,49.2167,143.1167,284.95,58,7,2.82,RU,1697597099
488,dalhart,36.0595,-102.5133,290.65,47,0,3.09,US,1697596999
489,byron bay,-28.65,153.6167,292.43,55,98,7.04,AU,1697597000
490,puerto armuelles,8.2833,-82.8667,299.31,78,100,3.13,PA,1697597099
491,tuquerres,1.0923,-77.6209,280.6,94,78,2.74,CO,1697597099
492,tromso,69.6496,18.957,273.16,80,75,0.51,NO,1697596899
493,paradip garh,20.3167,86.6167,301.09,71,8,2.23,IN,1697597100
494,tomatlan,19.9333,-105.25,298.0,93,97,0.58,MX,1697597099
495,wladyslawowo,54.7909,18.4009,281.45,70,94,9.46,PL,1697597100
496,sao joao da barra,-21.6403,-41.0511,296.71,91,100,2.34,BR,1697597100
497,ketchikan,55.3422,-131.6461,285.41,94,100,8.23,US,1697597101
498,saint-flour,45.0833,3.0,288.64,90,79,3.07,FR,1697597101
499,westport,41.1415,-73.3579,285.87,82,0,2.06,US,1697597101
500,moldova noua,44.7375,21.6669,278.17,59,100,1.77,RO,1697597101
501,pakxan,18.3778,103.6601,304.22,60,100,1.4,LA,1697597101
502,lamar,33.6668,-95.5836,287.1,58,0,3.09,US,1697597101
503,bikenibeu village,1.3673,173.1241,303.13,79,75,5.14,KI,1697597070
504,moranbah,-22.0016,148.0466,302.57,34,10,7.75,AU,1697597102
505,san luis de la loma,17.2706,-100.8939,299.26,88,100,0.72,MX,1697597102
506,yonggwang-up,40.0183,127.4547,294.12,38,100,2.33,KP,1697597102
507,nantucket,41.2835,-70.0995,285.38,88,0,0.0,US,1697597102
508,syracuse,37.0881,15.2792,292.77,84,89,4.29,IT,1697597103
509,urcos,-13.6861,-71.6228,287.09,75,39,2.28,PE,1697597103
510,neryungri,56.6709,124.6491,271.06,89,100,5.15,RU,1697597103
511,nuku'alofa,-21.1333,-175.2,298.34,65,20,8.23,TO,1697596879
512,carnot,4.9409,15.8665,294.16,96,98,0.19,CF,1697597104
513,zhangye,38.9342,100.4517,277.19,90,100,7.04,CN,1697597104
514,sisimiut,66.9395,-53.6735,265.05,82,30,5.03,GL,1697597104
515,zhezqazghan,47.7833,67.7667,273.47,74,0,5.0,KZ,1697597104
516,chiredzi,-21.05,31.6667,290.76,75,92,2.72,ZW,1697597104
517,margate,51.3813,1.3862,285.76,77,100,1.79,GB,1697596992
518,gorlice,49.6556,21.1604,276.46,77,3,1.56,PL,1697597105
519,syktyvkar,61.6764,50.8099,276.79,100,75,4.02,RU,1697597105
520,new norfolk,-42.7826,147.0587,297.43,21,8,1.49,AU,1697597105
521,holualoa,19.6228,-155.9522,300.06,74,0,2.06,US,1697597105
522,maicao,11.3832,-72.2432,299.53,85,25,3.56,CO,1697597106
523,kudahuvadhoo,2.6708,72.8944,301.0,74,44,5.25,MV,1697597106
524,spring creek,40.7266,-115.5859,288.87,32,2,1.06,US,1697596919
525,kirakira,-10.4544,161.9205,302.68,65,100,3.14,SB,1697597106
526,tuskegee,32.424,-85.6916,284.34,100,0,0.98,US,1697597106
527,inirida,3.8653,-67.9239,297.25,88,34,1.35,CO,1697597106
528,fauske,67.2588,15.3918,274.17,89,62,0.73,NO,1697597107
529,childress,34.4264,-100.204,292.55,39,0,4.12,US,1697597107
530,tual,-5.6667,132.75,299.89,76,79,6.23,ID,1697597107
531,island harbour,50.724,-1.2758,286.49,86,100,4.02,GB,1697597107
532,porbandar,21.6422,69.6093,299.5,74,0,3.75,IN,1697597107
533,arrifes,37.7667,-25.7,293.29,88,75,7.72,PT,1697597108
534,calbuco,-41.768,-73.1273,280.71,88,56,5.82,CL,1697597108
535,alghero,40.5589,8.3181,289.2,94,0,1.03,IT,1697597108
536,kangaba,11.9333,-8.4167,295.05,81,74,1.02,ML,1697597108
537,kotabumi,-4.8333,104.9,306.23,44,100,4.17,ID,1697597108
538,daday,41.4787,33.4667,281.95,92,100,1.1,TR,1697597108
539,kamiiso,41.8167,140.65,290.36,55,40,5.14,JP,1697597109
540,nikolayevsk-on-amure,53.1406,140.73,281.76,67,77,1.8,RU,1697597109
541,arteche,12.2645,125.4048,301.96,74,50,1.68,PH,1697597109
542,yanchep,-31.55,115.6833,296.49,57,96,4.13,AU,1697597109
543,bandarbeyla,9.4942,50.8122,299.59,81,8,0.29,SO,1697597109
544,padang,-0.9492,100.3543,301.18,70,100,1.18,ID,1697597109
545,port isabel,26.0734,-97.2086,292.62,72,0,3.09,US,1697596458
546,taungoo,18.9333,96.4333,301.33,77,19,1.37,MM,1697597110
547,papao,-17.75,-149.55,300.97,83,96,7.41,PF,1697597110
548,andratx,39.5755,2.4202,294.61,78,30,4.68,ES,1697597110
549,levuka,50.1834,-105.4011,284.0,76,40,8.75,CA,1697597110
550,mazamari,-11.3258,-74.5308,294.46,96,100,1.02,PE,1697597111
551,antofagasta,-23.65,-70.4,290.75,81,54,0.47,CL,1697597101
552,dassa-zoume,7.75,2.1833,295.94,94,100,1.04,BJ,1697597111
553,ambon,-3.6954,128.1814,303.1,100,40,2.06,ID,1697597111
554,atar,20.5169,-13.0499,302.08,22,40,0.63,MR,1697597111
555,taguatinga,-12.3857,-46.5711,299.03,23,3,2.01,BR,1697597112
556,silver city,32.7701,-108.2803,293.5,42,0,2.06,US,1697597112
557,keflavik,64.0049,-22.5624,283.39,87,100,16.46,IS,1697597112
558,yankton,42.8711,-97.3973,290.44,59,0,4.12,US,1697596997
559,happy valley-goose bay,53.3168,-60.3315,279.32,75,75,3.6,CA,1697597023
560,villa emilio carranza,19.9667,-96.6,294.64,77,66,2.87,MX,1697597112
561,konstantinovka,49.6167,127.9833,284.24,42,2,5.18,RU,1697597112
562,ayorou,14.7308,0.9174,303.66,30,27,2.14,NE,1697597113
563,manta,-0.95,-80.7333,298.03,83,20,5.14,EC,1697597113
564,selogiri,-7.7833,110.8667,307.35,35,72,1.91,ID,1697597113
565,dzilam gonzalez,21.2833,-88.9333,295.2,64,100,2.08,MX,1697597113
566,camapua,-19.5314,-54.0439,301.85,42,90,0.57,BR,1697597113
567,zonguldak,41.25,31.8333,283.22,90,100,1.05,TR,1697597114
568,salinas,36.6777,-121.6555,293.94,85,0,3.6,US,1697597114
569,pingliang,35.5392,106.6861,281.47,75,100,2.51,CN,1697597114
570,parkes,-33.1333,148.1833,298.35,26,0,0.89,AU,1697597114
571,dunda,-8.1167,34.25,293.11,66,86,1.27,TZ,1697597114
572,crane,31.3974,-102.3501,292.75,34,0,8.46,US,1697597114
573,narwana,29.6167,76.1167,295.15,50,0,2.14,IN,1697597115
574,bozoum,6.3193,16.3799,293.65,95,97,0.6,CF,1697597115
575,fuling,29.7022,107.3919,299.45,55,29,0.25,CN,1697597115
576,abra pampa,-22.7205,-65.697,283.65,72,95,3.29,AR,1697597115
577,dongkan,33.9997,119.8308,297.27,41,85,4.81,CN,1697597115
578,port hueneme,34.1478,-119.1951,296.08,87,100,1.34,US,1697597115
579,punta alta,-38.8759,-62.0736,287.08,41,0,8.13,AR,1697597103
